﻿<?xml version="1.0" encoding="utf-8" standalone="yes"?>
<network-scanner-config>
  <customadurl/>
  <mintotray>false</mintotray>
  <monitorinfo>false</monitorinfo>
  <termsessions>false</termsessions>
  <ignored/>
  <nicvendor>false</nicvendor>
  <background>false</background>
  <sortnocase>false</sortnocase>
  <maxthcount>50</maxthcount>
  <maxthlimit>1000</maxthlimit>
  <maxruntime>0</maxruntime>
  <showdead>false</showdead>
  <alwaysscan>false</alwaysscan>
  <randomscan>false</randomscan>
  <warnmacdup>false</warnmacdup>
  <macaddr>true</macaddr>
  <showtime>false</showtime>
  <getipv6>false</getipv6>
  <maptype>0</maptype>
  <hostname>true</hostname>
  <hosttype>2</hosttype>
  <reverse>false</reverse>
  <hostcheck>7</hostcheck>
  <pshellssl>false</pshellssl>
  <pshellnop>false</pshellnop>
  <securewmi>false</securewmi>
  <bmarkname>false</bmarkname>
  <nmapinclude/>
  <nmapexclude/>
  <scriptfont>10</scriptfont>
  <devnum>0</devnum>
  <ssl>
    <enabled>false</enabled>
    <types>1</types>
  </ssl>
  <macparam>
    <item>
      <method>0</method>
      <enabled>true</enabled>
    </item>
    <item>
      <method>1</method>
      <enabled>false</enabled>
    </item>
    <item>
      <method>2</method>
      <enabled>false</enabled>
      <snmpcomm>public</snmpcomm>
      <snmpcstr/>
      <snmpaddr/>
    </item>
    <item>
      <method>3</method>
      <enabled>false</enabled>
    </item>
  </macparam>
  <mapnames/>
  <portgroups>
    <item>
      <ident>HTTP et proxy</ident>
      <value>80, 443, 3128, 8080</value>
    </item>
    <item>
      <ident>FTP et SFTP</ident>
      <value>21, 115</value>
    </item>
    <item>
      <ident>Serveurs bases de données</ident>
      <value>1433, 3050, 3306, 5432</value>
    </item>
    <item>
      <ident>Controle à distance</ident>
      <value>22, 23, 3389, 4899, 5900</value>
    </item>
  </portgroups>
  <mapcolumns/>
  <ranges>172.18.1.1-172.18.9.254#D,0.0.0.0-172.18.26.254</ranges>
  <ping>
    <timeout>1000</timeout>
    <attempts>1</attempts>
    <method>2</method>
    <broadcast>false</broadcast>
    <arpoutsub>false</arpoutsub>
    <pingtype>false</pingtype>
    <timetolive>false</timetolive>
    <jitter>
      <enabled>false</enabled>
      <samples>10</samples>
    </jitter>
  </ping>
  <ports>
    <tcp>
      <enabled>true</enabled>
      <portlist>80,8080,1521,3389</portlist>
      <getnames>false</getnames>
    </tcp>
    <udp>
      <dns>false</dns>
      <ntp>false</ntp>
      <tftp>false</tftp>
      <nbns>false</nbns>
      <mssql>true</mssql>
      <radius>false</radius>
    </udp>
    <banner>
      <enabled>false</enabled>
      <portlist>21f, 80, 443s, 3128, 8080, 16992</portlist>
    </banner>
  </ports>
  <shares>
    <method>0</method>
    <enabled>true</enabled>
    <filter>0</filter>
    <secinfo>false</secinfo>
    <checkwrite>false</checkwrite>
    <diskspace>false</diskspace>
  </shares>
  <workstation>
    <installedapps>false</installedapps>
    <omitduplogons>false</omitduplogons>
    <disregardnames>false</disregardnames>
    <namestoignore/>
    <accounts>true</accounts>
    <comment>false</comment>
    <datetime>false</datetime>
    <diskdrives>false</diskdrives>
    <langroup>true</langroup>
    <loggedsids>true</loggedsids>
    <loggedusers>true</loggedusers>
    <osversion>true</osversion>
    <roles>false</roles>
    <uptime>false</uptime>
  </workstation>
  <bookmarks/>
  <recent/>
  <autoopen>false</autoopen>
  <history>
    <item>
      <data>172.18.1.1-172.18.1.254</data>
    </item>
    <item>
      <data>172.18.1.1-172.18.9.254</data>
    </item>
    <item>
      <data>172.18.1.1-172.18.9.254,172.18.19.1-172.18.26.254</data>
    </item>
  </history>
  <remote>
    <files>
      <item>
        <checked>false</checked>
        <name>Version Outlook</name>
        <filename>C:\Program Files\Outlook Express\msimn.exe</filename>
        <property>2</property>
      </item>
    </files>
    <registry>
      <item>
        <checked>false</checked>
        <name>Version DirectX</name>
        <keyname>SOFTWARE\Microsoft\DirectX</keyname>
        <param>version</param>
        <action>0</action>
        <root>HKLM</root>
      </item>
      <item>
        <checked>false</checked>
        <name>Version Internet Explorer</name>
        <keyname>SOFTWARE\Microsoft\Internet Explorer</keyname>
        <param>version</param>
        <action>0</action>
        <root>HKLM</root>
      </item>
      <item>
        <checked>false</checked>
        <name>Modèle CPU</name>
        <keyname>HARDWARE\DESCRIPTION\System\CentralProcessor\*</keyname>
        <param>ProcessorNameString</param>
        <action>2</action>
        <root>HKLM</root>
      </item>
      <item>
        <checked>false</checked>
        <name>Version de BIOS</name>
        <keyname>HARDWARE\DESCRIPTION\System</keyname>
        <param>SystemBiosVersion</param>
        <action>0</action>
        <root>HKLM</root>
      </item>
      <item>
        <checked>false</checked>
        <name>Propriétaire enregistré</name>
        <keyname>SOFTWARE\Microsoft\Windows NT\CurrentVersion</keyname>
        <param>RegisteredOwner</param>
        <action>0</action>
        <root>HKLM</root>
      </item>
      <item>
        <checked>false</checked>
        <name>Organisation enregistrée</name>
        <keyname>SOFTWARE\Microsoft\Windows NT\CurrentVersion</keyname>
        <param>RegisteredOrganization</param>
        <action>0</action>
        <root>HKLM</root>
      </item>
      <item>
        <checked>false</checked>
        <name>Service Pack</name>
        <keyname>SOFTWARE\Microsoft\Windows NT\CurrentVersion</keyname>
        <param>CSDVersion</param>
        <action>0</action>
        <root>HKLM</root>
      </item>
      <item>
        <checked>false</checked>
        <name>Version Windows</name>
        <keyname>SOFTWARE\Microsoft\Windows NT\CurrentVersion</keyname>
        <param>CurrentVersion</param>
        <action>0</action>
        <root>HKLM</root>
      </item>
      <item>
        <checked>false</checked>
        <name>Type Windows</name>
        <keyname>SOFTWARE\Microsoft\Windows NT\CurrentVersion</keyname>
        <param>ProductName</param>
        <action>0</action>
        <root>HKLM</root>
      </item>
    </registry>
    <services>
      <item>
        <checked>false</checked>
        <name>Statut Messenger</name>
        <service>messenger</service>
        <property>0</property>
      </item>
      <item>
        <checked>false</checked>
        <name>Statut des mises à jour automatiques</name>
        <service>wuauserv</service>
        <property>0</property>
      </item>
      <item>
        <checked>false</checked>
        <name>Type de démarrage Wireless Zero Config</name>
        <service>WZCSVC</service>
        <property>2</property>
      </item>
    </services>
    <wmi>
      <item>
        <checked>false</checked>
        <name>Nom Windows</name>
        <query>SELECT Name FROM Win32_OperatingSystem</query>
        <namespace>CIMV2</namespace>
      </item>
      <item>
        <checked>false</checked>
        <name>Modèle CPU</name>
        <query>SELECT Name FROM Win32_Processor</query>
        <namespace>CIMV2</namespace>
      </item>
      <item>
        <checked>false</checked>
        <name>Talle RAM</name>
        <query>SELECT TotalPhysicalMemory FROM Win32_ComputerSystem</query>
        <namespace>CIMV2</namespace>
      </item>
      <item>
        <checked>false</checked>
        <name>Modèle d'ordinateur</name>
        <query>SELECT Model FROM Win32_ComputerSystem</query>
        <namespace>CIMV2</namespace>
      </item>
      <item>
        <checked>false</checked>
        <name>Numéro Part</name>
        <query>SELECT PartNumber FROM Win32_SystemEnclosure</query>
        <namespace>CIMV2</namespace>
      </item>
      <item>
        <checked>false</checked>
        <name>Numéro de série</name>
        <query>SELECT SerialNumber FROM Win32_BIOS</query>
        <namespace>CIMV2</namespace>
      </item>
      <item>
        <checked>false</checked>
        <name>Asset Tag</name>
        <query>SELECT SMBIOSAssetTag FROM Win32_SystemEnclosure</query>
        <namespace>CIMV2</namespace>
      </item>
      <item>
        <checked>false</checked>
        <name>Clé produit</name>
        <query>SELECT OA3xOriginalProductKey FROM SoftwareLicensingService</query>
        <namespace>CIMV2</namespace>
      </item>
      <item>
        <checked>false</checked>
        <name>Temps de fonctionnement (sec)</name>
        <query>SELECT SystemUpTime FROM Win32_PerfFormattedData_PerfOS_System</query>
        <namespace>CIMV2</namespace>
      </item>
    </wmi>
    <groups>
      <item>
        <checked>false</checked>
        <name>Administrateurs</name>
        <member>Administrators</member>
        <property>0</property>
        <strip>false</strip>
        <ignore>false</ignore>
        <values/>
      </item>
      <item>
        <checked>false</checked>
        <name>Apartenance invité</name>
        <member>Guest</member>
        <property>2</property>
        <strip>false</strip>
        <ignore>false</ignore>
        <values/>
      </item>
      <item>
        <checked>false</checked>
        <name>Apartenance invité</name>
        <member>Guest</member>
        <property>3</property>
        <strip>false</strip>
        <ignore>false</ignore>
        <values/>
      </item>
    </groups>
    <performance>
      <item>
        <checked>false</checked>
        <name>Temps de fonctionnement (sec)</name>
        <query>\System\System Up Time</query>
      </item>
      <item>
        <checked>false</checked>
        <name>ID de processus Windows Explorer</name>
        <query>\Process(explorer)\ID Process</query>
      </item>
      <item>
        <checked>false</checked>
        <name>Liste des processus et leur ID</name>
        <query>\Process(*)\ID Process</query>
      </item>
      <item>
        <checked>false</checked>
        <name>Utilisation CPU, %</name>
        <query>\Processor(_Total)\% Processor Time</query>
      </item>
      <item>
        <checked>false</checked>
        <name>Nombre de travaux d'impression dans la file</name>
        <query>\Print Queue(*)\Jobs</query>
      </item>
      <item>
        <checked>false</checked>
        <name>Bande passante de l'interface réseau</name>
        <query>\Network Interface(*)\Current Bandwidth</query>
      </item>
    </performance>
    <scripting>
      <item>
        <checked>false</checked>
        <name>Liste de fichiers</name>
        <lang>0</lang>
        <script>'List files in Windows

'Input parameters
strComputer = Input.Current

'List files with WMI
Set objWMIService = GetObject("winmgmts:" _
  &amp; "{impersonationLevel=impersonate}!\\" &amp; strComputer &amp; "\root\cimv2")
Set colFiles = objWMIService. _
  ExecQuery("Select * from CIM_DataFile where Path = '\\Windows\\'")
For Each objFile in colFiles
  Output.Write objFile.Name 
Next</script>
      </item>
      <item>
        <checked>false</checked>
        <name>Horodatage connexion utilisateur</name>
        <lang>0</lang>
        <script>'Input parameters
strComputer = Input.Current

'Uncomment this line for specific user 
'strUser = "domain\user"

'Uncomment this line for specific user
'strPassword = "password" 

'Constants

wbemImpersonationLevelImpersonate = 3
wbemAuthenticationLevelPktPrivacy = 6

'Connect to machine

If Not strUser = "" Then
  'Connect using user and password
   Set objLocator = CreateObject("WbemScripting.SWbemLocator")
   Set objWMI = objLocator.ConnectServer _
    (strComputer, "root\cimv2", strUser, strPassword)
   objWMI.Security_.ImpersonationLevel = wbemImpersonationLevelImpersonate
   objWMI.Security_.AuthenticationLevel = wbemAuthenticationLevelPktPrivacy
Else
  'Connect using current user
   Set objWMI = GetObject("winmgmts:{impersonationLevel=impersonate}!\\" &amp; strComputer &amp; "\root\cimv2") 
End If

'Get interactive session

Set colSessions = objWMI.ExecQuery _
("Select * from Win32_LogonSession Where LogonType = 2") 
If colSessions.Count = 0 Then
  'No interactive session found
  Output.Write "No interactive user found"
Else
  'Interactive session found
  For Each objSession in colSessions 
  Set colList = objWMI.ExecQuery("Associators of " _
  &amp; "{Win32_LogonSession.LogonId=" &amp; objSession.LogonId &amp; "} " _
  &amp; "Where AssocClass=Win32_LoggedOnUser Role=Dependent" ) 

  'Show user info
  For Each objItem in colList
    Output.Write "User: " &amp; objItem.Name
    Output.Write "FullName: " &amp; objItem.FullName
    Output.Write "Domain: " &amp; objItem.Domain
  Next 

  'Show session start time
  Output.Write "Start Time: " &amp; objSession.StartTime
  Next
End If</script>
      </item>
      <item>
        <checked>false</checked>
        <name>Configuration IP et MAC</name>
        <lang>0</lang>
        <script>'Display IP configuration

strComputer = Input.Current

Set objWMIService = GetObject("winmgmts:" _
&amp; "{impersonationLevel=impersonate}!\\" &amp; strComputer &amp; "\root\cimv2")

Set colAdapters = objWMIService.ExecQuery _
("SELECT * FROM Win32_NetworkAdapterConfiguration WHERE IPEnabled = True")

For Each objAdapter in colAdapters
  Output.Write "Desc: " &amp; objAdapter.Description
  Output.Write "HW: " &amp; objAdapter.MACAddress
  Output.Write "Name: " &amp; objAdapter.DNSHostName
  
  If Not IsNull(objAdapter.IPAddress) Then
    For i = 0 To UBound(objAdapter.IPAddress)
      Output.Write "IP: " &amp; objAdapter.IPAddress(i)
    Next
  End If
  
  If Not IsNull(objAdapter.IPSubnet) Then
    For i = 0 To UBound(objAdapter.IPSubnet)
      Output.Write "Subnet: " &amp; objAdapter.IPSubnet(i)
    Next
  End If
  
  If Not IsNull(objAdapter.DefaultIPGateway) Then
    For i = 0 To UBound(objAdapter.DefaultIPGateway)
      Output.Write "GW: " &amp; _
      objAdapter.DefaultIPGateway(i)
    Next
  End If
Next</script>
      </item>
      <item>
        <checked>false</checked>
        <name>Nom de connexion complet</name>
        <lang>0</lang>
        <script>'Input parameters
strComputer = Input.Current

Set objWMIService = GetObject("winmgmts:\\" &amp; strComputer &amp; "\root\cimv2")

'Get those who run Windows Explorer
Set colItems = objWMIService.ExecQuery _
  ("Select * from Win32_Process Where Name = 'explorer.exe'")

If colItems.Count = 0 Then
  Output.Write "No one is logged on to the computer."
Else
  For Each objProcess in colItems
    objProcess.GetOwner strUser,strDomain
  Next
End If

Const ADS_SCOPE_SUBTREE = 2

Set objConnection = CreateObject("ADODB.Connection")
Set objCommand = CreateObject("ADODB.Command")
objConnection.Provider = "ADsDSOObject"
objConnection.Open "Active Directory Provider"
Set objCommand.ActiveConnection = objConnection

'Search Active Directory
objCommand.Properties("Page Size") = 1000
objCommand.Properties("Searchscope") = ADS_SCOPE_SUBTREE 

objCommand.CommandText = "SELECT displayName FROM " &amp; _
  "'LDAP://DC=domain_name,DC=local' WHERE " &amp; _
    "objectCategory='user' " &amp; _
    "AND samAccountName = '" &amp; strUser &amp; "'"
Set objRecordSet = objCommand.Execute

objRecordSet.MoveFirst

'Print all records
Do Until objRecordSet.EOF
  Output.Write objRecordSet.Fields("displayName").Value
  objRecordSet.MoveNext
Loop</script>
      </item>
      <item>
        <checked>false</checked>
        <name>Adresse de l'hôte local</name>
        <lang>0</lang>
        <script>'Get all host NICs information
Set NICs = GetObject("winmgmts:").InstancesOf("Win32_NetworkAdapterConfiguration")

BestAddr = ""
BestMatch = 0

'Go through the NICs
For Each NIC in NICs
  if NIC.IPEnabled then
    Match = 0

    'Compare target and host address
    CurrOctets = Split(Input.Current, ".")
    HostOctets = Split(NIC.IPAddress(0), ".")
    For i = LBound(CurrOctets) to UBound(CurrOctets)
      if CurrOctets(i) = HostOctets(i) then
        Match = Match + 1
      End if
    Next
    if BestMatch &lt; Match then
      BestMatch = Match
      BestAddr = NIC.IPAddress(0)
    End if
  End if
Next

'Print out host address
Output.Write BestAddr</script>
      </item>
      <item>
        <checked>false</checked>
        <name>Vérifier chaque raccourci utilisateur</name>
        <lang>0</lang>
        <script>'Get values from "User Accounts" column
strAccounts = Input.Column("user accounts")

'Get target computer address
strComputer = "\\" &amp; Input.Current

'Split comma-separated users string
For each user in split(strAccounts, ",")
  user = trim(user)
  Set fso = CreateObject("Scripting.FileSystemObject")

  'Build our path string
  strPath = strComputer &amp; "\C$\Users\" &amp; user &amp; "\Desktop\Dropbox.lnk"

  'Check file existence
  If fso.FileExists(strPath) Then
    Output.Write user &amp; " yes"
  Else
    Output.Write user &amp; " no"
  End If
Next</script>
      </item>
      <item>
        <checked>false</checked>
        <name>Exemple TELNET intégré</name>
        <lang>0</lang>
        <script>'Retrieve system info via Telnet
'This example code can be adapted to work
'with any device that supports the protocol

'Create internal Telnet object
set objTelnet = Internal.CreateObject("Telnet")

'Set host name and port
objTelnet.Host = Input.Current
objTelnet.Port = 23

'Make connection
objTelnet.Connect

'Wait for login prompt
objTelnet.WaitFor("login:")
'Then send login name
objTelnet.Send("YourUserName" &amp; vbCrLf)

'Wait for password prompt
objTelnet.WaitFor("password:")
'Then send password
objTelnet.Send("YourPassword" &amp; vbCrLf)

'Wait for shell prompt
objTelnet.WaitFor("xsh&gt;")
'Then send command
objTelnet.Send("show sys versions" &amp; vbCrLf)

'Wait for shell prompt (when command finishes)
data = objTelnet.Recv("xsh&gt;")

'Return data and disconnect
Output.Write data
objTelnet.Disconnect</script>
      </item>
      <item>
        <checked>false</checked>
        <name>Exemple DNS intégré</name>
        <lang>0</lang>
        <script>'Resolve a name or IP address via DNS
'This example performs a reverse lookup

'Create internal DNS object
set dnsObj = Internal.CreateObject("dns")

'Optionally set DNS server
'dnsObj.Server = "x.x.x.x"

'Get PTR record for the current IP address
name = dnsObj.GetName(Input.Current, "ptr")

'Print out resolved name
Output.Write name</script>
      </item>
      <item>
        <checked>false</checked>
        <name>Info moniteur</name>
        <lang>0</lang>
        <script>'Input parameters
strComputer = Input.Current

'Get monitors with WMI
Set objWMIService = GetObject("winmgmts:" _
  &amp; "{impersonationLevel=impersonate}!\\" &amp; strComputer &amp; "\root\WMI")
Set colMonitors = objWMIService. _
  ExecQuery("SELECT * FROM WmiMonitorID")
For Each objMonitor in colMonitors
  'Convert serial number to ASCII
  SerialNo = ""
  For I = 0 To Ubound(objMonitor.SerialNumberID)
    SerialNo = SerialNo &amp; Chr(objMonitor.SerialNumberID(I))
  Next
  'Convert model name to ASCII
  ProductId = ""
  For I = 0 To Ubound(objMonitor.UserFriendlyName)
    ProductId = ProductId &amp; Chr(objMonitor.UserFriendlyName(I))
  Next
  Output.Write ProductId &amp; " " &amp; SerialNo
Next</script>
      </item>
      <item>
        <checked>false</checked>
        <name>Perte de paquets</name>
        <lang>0</lang>
        <script>'This runs ping.exe captures its output and extracts reported packet loss
'It can be adapted to execute any console programs and parse their output

'Create process object and execute ping
Set proc = Internal.CreateObject("process")
proc.execute("ping.exe " &amp; Input.Current)

'Check ping exit code
If proc.ExitCode = 0 Then

  'Setup a regex object
  Set objRegex = New RegExp
  objRegex.IgnoreCase = True
  objRegex.Multiline = True
  objRegex.Global = True
  'Look for a string like (X% loss)
  objRegex.Pattern = "\((\d+%\s\w+)\)"

  'Traverse output lines
  For Each line in proc.output
    Set matches = objRegex.Execute(line)
    'Print matching data
    For Each match in matches
      Output.Write match.SubMatches(0)
    Next
  Next
Else
  Output.Write "Exit code " &amp; proc.ExitCode
End If</script>
      </item>
      <item>
        <checked>false</checked>
        <name>SNMP Distant</name>
        <lang>0</lang>
        <script>'Create SNMP object and set target host
set objSnmp = Internal.CreateObject("snmp")
objSnmp.Host = Input.Current

'Use version 2 and get sysDescr
objSnmp.Query.Version = 2
objSnmp.Query.SetOID("1.3.6.1.2.1.1.1.0")
If objSnmp.SendRequest then
  'Success
  Output.Write objSnmp.Reply.Items(0).Value
End If

'Now get interface table.
'In SNMP v2/3 we can use bulk requests

objSnmp.Query.SetOID("1.3.6.1.2.1.2.2.1.2")
objSnmp.Query.MaxRepetitions = 10
objSnmp.Query.PDUType = &amp;hA5
Do While objSnmp.SendRequest
  'Success
  For Each Item in objSnmp.Reply.Items

    'Break the loop if found a different OID
    If InStr(Item.OID, "1.3.6.1.2.1.2.2.1.2") = 0 Then
      Exit Do
    End if

    'Write interface name
    Output.Write Item.Value

    'Continue from the current OID
    objSnmp.Query.SetOID(Item.OID)
  Next
Loop</script>
      </item>
    </scripting>
    <powershell>
      <item>
        <checked>false</checked>
        <name>Version de SQL Server</name>
        <script>sqlcmd -Q "select @@version;"</script>
      </item>
      <item>
        <checked>false</checked>
        <name>Dernier messages de Log</name>
        <script>Get-EventLog system -newest 5 | Format-Wide -Property Message -Column 1</script>
      </item>
      <item>
        <checked>false</checked>
        <name>Liste des fichiers dans C:\</name>
        <script>ls C:\ | Format-Wide -Property Name -Column 1</script>
      </item>
      <item>
        <checked>false</checked>
        <name>Services en cours d'exécution</name>
        <script>Get-Service | Where-Object {$_.status -eq "running"} | Format-Wide -Property Name -Column 1</script>
      </item>
      <item>
        <checked>false</checked>
        <name>Clé produit</name>
        <script>(Get-WmiObject -query "select * from SoftwareLicensingService").OA3xOriginalProductKey</script>
      </item>
    </powershell>
    <json>
      <item>
        <checked>false</checked>
        <name>Version de Redfish BIOS</name>
        <port>443</port>
        <path>redfish/v1/Systems/1/</path>
        <proto>1</proto>
        <query>$.BiosVersion</query>
        <parse>0</parse>
      </item>
      <item>
        <checked>false</checked>
        <name>Redfish Chassis n° de série</name>
        <port>443</port>
        <path>redfish/v1/Chassis/1/</path>
        <proto>1</proto>
        <query>$.SerialNumber</query>
        <parse>0</parse>
      </item>
      <item>
        <checked>false</checked>
        <name>Adresses MAC Redfish</name>
        <port>443</port>
        <path>redfish/v1/Systems/1/$.EthernetInterfaces/?$expand=.</path>
        <proto>1</proto>
        <query>$.Members[*].MACAddress</query>
        <parse>0</parse>
      </item>
      <item>
        <checked>false</checked>
        <name>Version de HP iLO</name>
        <port>443</port>
        <path>redfish/v1/</path>
        <proto>1</proto>
        <query>$.Oem.Hpe.Manager[0].ManagerFirmwareVersion</query>
        <parse>0</parse>
      </item>
      <item>
        <checked>false</checked>
        <name>HP iLO System Health</name>
        <port>443</port>
        <path>redfish/v1/</path>
        <proto>1</proto>
        <query>$.Oem.Hpe.System[0].Status.Health</query>
        <parse>0</parse>
      </item>
    </json>
    <xml>
      <item>
        <checked>false</checked>
        <name>Integrated Lights-Out n° de série</name>
        <port>17988</port>
        <path>xmldata?item=All</path>
        <proto>0</proto>
        <query>/RIMP/MP/SN</query>
        <parse>0</parse>
      </item>
      <item>
        <checked>false</checked>
        <name>Integrated Lights-Out modèle</name>
        <port>17988</port>
        <path>xmldata?item=All</path>
        <proto>0</proto>
        <query>/RIMP/HSI/SPN</query>
        <parse>0</parse>
      </item>
      <item>
        <checked>false</checked>
        <name>Titre page HTML</name>
        <port>80</port>
        <path/>
        <proto>0</proto>
        <query>&lt;title[^&gt;]*&gt;(.*?)&lt;/title&gt;</query>
        <parse>1</parse>
      </item>
      <item>
        <checked>false</checked>
        <name>PowerLogic EGX100 n° de série</name>
        <port>80</port>
        <path>diagnostics.htm</path>
        <proto>0</proto>
        <query>Serial Number:[^&gt;]*&lt;/td&gt;\s*&lt;td[^&gt;]*&gt;(\w*)&lt;/td&gt;</query>
        <parse>1</parse>
      </item>
      <item>
        <checked>false</checked>
        <name>Cisco IP Phone CP-79XX n° de série</name>
        <port>80</port>
        <path/>
        <proto>0</proto>
        <query>.*Serial Number&lt;/b&gt;&lt;/td&gt;\s*&lt;td[^&gt;]*&gt;\s*&lt;/td&gt;\s*&lt;td[^&gt;]*&gt;&lt;b&gt;([^&lt;]*)</query>
        <parse>1</parse>
      </item>
    </xml>
    <ssh>
      <item>
        <checked>false</checked>
        <name>Version système</name>
        <command>uname -or</command>
      </item>
      <item>
        <checked>false</checked>
        <name>Vitesse CPU</name>
        <command>lscpu | grep "CPU MHz"</command>
      </item>
      <item>
        <checked>false</checked>
        <name>Talle RAM</name>
        <command>cat /proc/meminfo | grep MemTotal</command>
      </item>
      <item>
        <checked>false</checked>
        <name>Liste des processus</name>
        <command>ps -A | awk '{ print $4 }' | uniq | sort</command>
      </item>
      <item>
        <checked>false</checked>
        <name>Liste des dossiers</name>
        <command>ls -1 /</command>
      </item>
      <item>
        <checked>false</checked>
        <name>Temps de marche</name>
        <command>uptime</command>
      </item>
    </ssh>
    <snmp>
      <item>
        <checked>false</checked>
        <name>Nom d'hôte</name>
        <oid>1.3.6.1.2.1.1.5.0</oid>
        <community>public</community>
        <showcomm>false</showcomm>
        <version>0</version>
        <seclevel>0</seclevel>
        <authtype>0</authtype>
        <privtype>0</privtype>
        <username/>
        <authpass/>
        <datapass/>
        <contname/>
      </item>
      <item>
        <checked>false</checked>
        <name>Temps de marche</name>
        <oid>1.3.6.1.2.1.1.3.0</oid>
        <community>public</community>
        <showcomm>false</showcomm>
        <version>0</version>
        <seclevel>0</seclevel>
        <authtype>0</authtype>
        <privtype>0</privtype>
        <username/>
        <authpass/>
        <datapass/>
        <contname/>
      </item>
      <item>
        <checked>false</checked>
        <name>Description du système</name>
        <oid>1.3.6.1.2.1.1.1.0</oid>
        <community>public</community>
        <showcomm>false</showcomm>
        <version>0</version>
        <seclevel>0</seclevel>
        <authtype>0</authtype>
        <privtype>0</privtype>
        <username/>
        <authpass/>
        <datapass/>
        <contname/>
      </item>
      <item>
        <checked>false</checked>
        <name>Contact système</name>
        <oid>1.3.6.1.2.1.1.4.0</oid>
        <community>public</community>
        <showcomm>false</showcomm>
        <version>0</version>
        <seclevel>0</seclevel>
        <authtype>0</authtype>
        <privtype>0</privtype>
        <username/>
        <authpass/>
        <datapass/>
        <contname/>
      </item>
      <item>
        <checked>false</checked>
        <name>Localisation système</name>
        <oid>1.3.6.1.2.1.1.6.0</oid>
        <community>public</community>
        <showcomm>false</showcomm>
        <version>0</version>
        <seclevel>0</seclevel>
        <authtype>0</authtype>
        <privtype>0</privtype>
        <username/>
        <authpass/>
        <datapass/>
        <contname/>
      </item>
    </snmp>
    <nmap>
      <item>
        <checked>false</checked>
        <name>Détection de système d'exploitation</name>
        <scantype>0</scantype>
        <xpathquery>//osmatch/@name</xpathquery>
        <osscan-limit>true</osscan-limit>
        <osscan-guess>false</osscan-guess>
        <version-mode>0</version-mode>
        <script-name/>
        <script-params/>
      </item>
      <item>
        <checked>false</checked>
        <name>Type d'appareil</name>
        <scantype>0</scantype>
        <xpathquery>//osclass/@type[1]</xpathquery>
        <osscan-limit>true</osscan-limit>
        <osscan-guess>false</osscan-guess>
        <version-mode>0</version-mode>
        <script-name/>
        <script-params/>
      </item>
      <item>
        <checked>false</checked>
        <name>Version des services</name>
        <scantype>1</scantype>
        <xpathquery>//port[service/@product]/@portid|//port/service[@product]/@product|//port/service[@product]/@version</xpathquery>
        <osscan-limit>false</osscan-limit>
        <osscan-guess>false</osscan-guess>
        <version-mode>0</version-mode>
        <script-name/>
        <script-params/>
      </item>
      <item>
        <checked>false</checked>
        <name>SSL Heartbleed</name>
        <scantype>2</scantype>
        <xpathquery>//script[@id="ssl-heartbleed"]/@output</xpathquery>
        <osscan-limit>false</osscan-limit>
        <osscan-guess>false</osscan-guess>
        <version-mode>0</version-mode>
        <script-name>ssl-heartbleed</script-name>
        <script-params/>
      </item>
      <item>
        <checked>false</checked>
        <name>SSL POODLE</name>
        <scantype>2</scantype>
        <xpathquery>//script[@id="ssl-poodle"]/@output</xpathquery>
        <osscan-limit>false</osscan-limit>
        <osscan-guess>false</osscan-guess>
        <version-mode>0</version-mode>
        <script-name>ssl-poodle</script-name>
        <script-params/>
      </item>
      <item>
        <checked>false</checked>
        <name>SSL DROWN</name>
        <scantype>2</scantype>
        <xpathquery>//script[@id="sslv2-drown"]/@output</xpathquery>
        <osscan-limit>false</osscan-limit>
        <osscan-guess>false</osscan-guess>
        <version-mode>0</version-mode>
        <script-name>sslv2-drown</script-name>
        <script-params/>
      </item>
      <item>
        <checked>false</checked>
        <name>SMB EternalBlue</name>
        <scantype>2</scantype>
        <xpathquery>//script[@id="smb-vuln-ms17-010"]/@output</xpathquery>
        <osscan-limit>false</osscan-limit>
        <osscan-guess>false</osscan-guess>
        <version-mode>0</version-mode>
        <script-name>smb-vuln-ms17-010</script-name>
        <script-params/>
      </item>
      <item>
        <checked>false</checked>
        <name>Heure du serveur HTTP</name>
        <scantype>2</scantype>
        <xpathquery>//script[@id="http-date"]/@output</xpathquery>
        <osscan-limit>false</osscan-limit>
        <osscan-guess>false</osscan-guess>
        <version-mode>0</version-mode>
        <script-name>http-date</script-name>
        <script-params/>
      </item>
      <item>
        <checked>false</checked>
        <name>Méthodes d'authentification SSH</name>
        <scantype>2</scantype>
        <xpathquery>//script[@id="ssh-auth-methods"]/@output</xpathquery>
        <osscan-limit>false</osscan-limit>
        <osscan-guess>false</osscan-guess>
        <version-mode>0</version-mode>
        <script-name>ssh-auth-methods</script-name>
        <script-params/>
      </item>
      <item>
        <checked>false</checked>
        <name>Connexion FTP anonyme</name>
        <scantype>2</scantype>
        <xpathquery>//script[@id="ftp-anon"]/@output</xpathquery>
        <osscan-limit>false</osscan-limit>
        <osscan-guess>false</osscan-guess>
        <version-mode>0</version-mode>
        <script-name>ftp-anon</script-name>
        <script-params/>
      </item>
    </nmap>
  </remote>
  <virtualcolumns>
    <item>
      <checked>false</checked>
      <name>Temps de réponse</name>
      <expression>[Temps de réponse]</expression>
      <matchpattern>^(\d*)</matchpattern>
      <matchreplace/>
    </item>
    <item>
      <checked>false</checked>
      <name>Concaténation simple</name>
      <expression>[Adresse MAC] [Adresse IP]</expression>
      <matchpattern/>
      <matchreplace/>
    </item>
  </virtualcolumns>
  <liveinfo>
    <enabled>false</enabled>
    <discover>2</discover>
    <maxthcount>5</maxthcount>
    <clearoff>true</clearoff>
    <usedelay>false</usedelay>
    <delaymin>5</delaymin>
    <writefile>false</writefile>
    <filename/>
    <retained>
      <item>Constructeur</item>
      <item>Dernier scan</item>
      <item>Nom convivial</item>
      <item>Vu la dernière fois</item>
    </retained>
    <multinotify>
      <join>
        <enabled>false</enabled>
        <sound>
          <enabled>false</enabled>
          <filename/>
        </sound>
        <execute>
          <enabled>false</enabled>
          <filename/>
        </execute>
        <logtofile>
          <enabled>false</enabled>
          <filename/>
        </logtofile>
        <sendemail>
          <enabled>false</enabled>
          <recipient/>
        </sendemail>
      </join>
      <leave>
        <enabled>false</enabled>
        <sound>
          <enabled>false</enabled>
          <filename/>
        </sound>
        <execute>
          <enabled>false</enabled>
          <filename/>
        </execute>
        <logtofile>
          <enabled>false</enabled>
          <filename/>
        </logtofile>
        <sendemail>
          <enabled>false</enabled>
          <recipient/>
        </sendemail>
      </leave>
      <newmac>
        <enabled>false</enabled>
        <sound>
          <enabled>false</enabled>
          <filename/>
        </sound>
        <execute>
          <enabled>false</enabled>
          <filename/>
        </execute>
        <logtofile>
          <enabled>false</enabled>
          <filename/>
        </logtofile>
        <sendemail>
          <enabled>false</enabled>
          <recipient/>
        </sendemail>
      </newmac>
      <change>
        <enabled>false</enabled>
        <sound>
          <enabled>false</enabled>
          <filename/>
        </sound>
        <execute>
          <enabled>false</enabled>
          <filename/>
        </execute>
        <logtofile>
          <enabled>false</enabled>
          <filename/>
        </logtofile>
        <sendemail>
          <enabled>false</enabled>
          <recipient/>
        </sendemail>
      </change>
    </multinotify>
    <email>
      <autosmtp>false</autosmtp>
      <smtpserver/>
      <smtpport>25</smtpport>
      <smtpuser/>
      <smtppass/>
      <smtptype>0</smtptype>
      <sender/>
    </email>
    <window>
      <width>690</width>
      <height>625</height>
      <left>615</left>
      <top>228</top>
    </window>
  </liveinfo>
  <auth>
    <credentials>
      <item>
        <id>{AB04E2AE-D0D5-44A2-BD90-57160C2415A9}</id>
        <user>ldapuser</user>
        <pass>4uJgq+HQ0kTokCQWPyRnqQ==</pass>
        <info/>
        <cache>
          <item>172.18.1.29</item>
          <item>172.18.1.104</item>
          <item>172.18.1.99</item>
          <item>172.18.1.111</item>
          <item>172.18.1.109</item>
          <item>172.18.1.117</item>
          <item>172.18.1.192</item>
          <item>172.18.1.83</item>
          <item>172.18.1.84</item>
          <item>172.18.1.93</item>
          <item>172.18.1.130</item>
          <item>172.18.1.151</item>
          <item>172.18.3.107</item>
          <item>172.18.4.39</item>
          <item>172.18.19.55</item>
          <item>172.18.2.76</item>
          <item>172.18.2.73</item>
          <item>172.18.6.59</item>
          <item>172.18.6.67</item>
          <item>172.18.6.61</item>
          <item>172.18.6.55</item>
          <item>172.18.4.6</item>
          <item>172.18.4.169</item>
          <item>172.18.4.174</item>
          <item>172.18.4.164</item>
          <item>172.18.4.172</item>
          <item>172.18.4.163</item>
          <item>172.18.4.186</item>
          <item>172.18.4.188</item>
          <item>172.18.4.165</item>
          <item>172.18.4.167</item>
          <item>172.18.4.161</item>
          <item>172.18.4.160</item>
          <item>172.18.4.155</item>
          <item>172.18.4.170</item>
          <item>172.18.4.170</item>
          <item>172.18.3.106</item>
          <item>172.18.3.106</item>
          <item>172.18.3.6</item>
          <item>172.18.3.114</item>
          <item>172.18.3.113</item>
          <item>172.18.3.132</item>
          <item>172.18.2.57</item>
          <item>172.18.19.252</item>
          <item>172.18.1.114</item>
          <item>172.18.1.103</item>
          <item>172.18.1.133</item>
          <item>172.18.1.122</item>
          <item>172.18.19.63</item>
          <item>172.18.1.128</item>
          <item>172.18.1.164</item>
          <item>172.18.1.118</item>
          <item>172.18.1.139</item>
          <item>172.18.1.123</item>
          <item>172.18.1.115</item>
          <item>172.18.1.113</item>
          <item>172.18.1.126</item>
          <item>172.18.1.150</item>
          <item>172.18.1.87</item>
          <item>172.18.1.124</item>
          <item>172.18.1.173</item>
          <item>172.18.1.162</item>
          <item>172.18.1.86</item>
          <item>172.18.1.90</item>
          <item>172.18.1.131</item>
          <item>172.18.1.136</item>
          <item>172.18.1.89</item>
          <item>172.18.1.155</item>
          <item>172.18.1.107</item>
          <item>172.18.1.120</item>
          <item>172.18.1.132</item>
          <item>172.18.1.163</item>
          <item>172.18.1.119</item>
          <item>172.18.1.138</item>
          <item>172.18.1.91</item>
          <item>172.18.1.129</item>
          <item>172.18.1.137</item>
          <item>172.18.19.40</item>
          <item>172.18.1.12</item>
          <item>172.18.19.78</item>
          <item>172.18.19.37</item>
          <item>172.18.19.41</item>
          <item>172.18.19.36</item>
          <item>172.18.1.110</item>
          <item>172.18.20.111</item>
          <item>172.18.1.106</item>
          <item>172.18.1.158</item>
          <item>172.18.20.123</item>
          <item>172.18.20.118</item>
          <item>172.18.20.74</item>
          <item>172.18.20.81</item>
          <item>172.18.19.9</item>
          <item>172.18.1.11</item>
          <item>172.18.20.97</item>
          <item>172.18.19.20</item>
          <item>172.18.20.41</item>
          <item>172.18.20.116</item>
          <item>172.18.4.175</item>
          <item>172.18.19.83</item>
          <item>172.18.19.79</item>
          <item>172.18.19.75</item>
          <item>172.18.20.82</item>
          <item>172.18.19.74</item>
          <item>172.18.19.19</item>
          <item>172.18.19.35</item>
          <item>172.18.19.58</item>
          <item>172.18.19.70</item>
          <item>172.18.20.117</item>
          <item>172.18.19.73</item>
          <item>172.18.19.71</item>
          <item>172.18.19.21</item>
          <item>172.18.19.47</item>
          <item>172.18.19.72</item>
          <item>172.18.1.8</item>
          <item>172.18.2.6</item>
          <item>172.18.20.68</item>
          <item>172.18.6.6</item>
          <item>172.18.20.67</item>
          <item>172.18.20.67</item>
          <item>172.18.20.25</item>
          <item>172.18.20.132</item>
          <item>172.18.20.76</item>
          <item>172.18.20.35</item>
          <item>172.18.20.55</item>
          <item>172.18.20.46</item>
          <item>172.18.20.47</item>
          <item>172.18.20.100</item>
          <item>172.18.20.100</item>
          <item>172.18.20.122</item>
          <item>172.18.20.148</item>
          <item>172.18.20.128</item>
          <item>172.18.20.125</item>
          <item>172.18.19.110</item>
        </cache>
      </item>
    </credentials>
    <wksta>
      <enabled>true</enabled>
      <id>{00000000-0000-0000-0000-000000000000}</id>
    </wksta>
    <wmi>
      <enabled>false</enabled>
      <id>{00000000-0000-0000-0000-000000000000}</id>
    </wmi>
    <share>
      <enabled>true</enabled>
      <id>{00000000-0000-0000-0000-000000000000}</id>
    </share>
    <shutdown>
      <enabled>false</enabled>
      <id>{00000000-0000-0000-0000-000000000000}</id>
    </shutdown>
    <xml>
      <enabled>false</enabled>
      <id>{00000000-0000-0000-0000-000000000000}</id>
    </xml>
    <powershell>
      <enabled>false</enabled>
      <id>{00000000-0000-0000-0000-000000000000}</id>
    </powershell>
    <ssh>
      <enabled>true</enabled>
      <id>{00000000-0000-0000-0000-000000000000}</id>
    </ssh>
    <json>
      <enabled>false</enabled>
      <id>{00000000-0000-0000-0000-000000000000}</id>
    </json>
  </auth>
  <filter>
    <folder>
      <enabled>false</enabled>
      <common>false</common>
      <printer>false</printer>
      <writable>false</writable>
      <restricted>false</restricted>
      <administrative>false</administrative>
    </folder>
    <custom>
      <visible>false</visible>
      <recent>
        <item>
          <column>Nom d'hôte</column>
          <compare>Contient</compare>
          <argument>FRPCM373773</argument>
          <static>false</static>
          <logic>1</logic>
          <secondary/>
        </item>
        <item>
          <column>Nom d'hôte</column>
          <compare>Contient</compare>
          <argument>FRPCM3737</argument>
          <static>false</static>
          <logic>1</logic>
          <secondary/>
        </item>
        <item>
          <column>Adresse IP</column>
          <compare>Contient</compare>
          <argument>19.252</argument>
          <static>false</static>
          <logic>1</logic>
          <secondary/>
        </item>
        <item>
          <column>Adresse IP</column>
          <compare>Contient</compare>
          <argument>srv</argument>
          <static>false</static>
          <logic>1</logic>
          <secondary/>
        </item>
        <item>
          <column>Nom d'hôte</column>
          <compare>Contient</compare>
          <argument>srv</argument>
          <static>false</static>
          <logic>1</logic>
          <secondary/>
        </item>
        <item>
          <column>Nom d'hôte</column>
          <compare>Contient</compare>
          <argument>FRSVMPRO1</argument>
          <static>false</static>
          <logic>1</logic>
          <secondary/>
        </item>
        <item>
          <column>Adresse IP</column>
          <compare>Contient</compare>
          <argument>110</argument>
          <static>false</static>
          <logic>1</logic>
          <secondary/>
        </item>
        <item>
          <column>Ports TCP</column>
          <compare>Contient</compare>
          <argument>FPW8S1</argument>
          <static>false</static>
          <logic>1</logic>
          <secondary/>
        </item>
        <item>
          <column>Ports TCP</column>
          <compare>Contient</compare>
          <argument>FPW8S</argument>
          <static>false</static>
          <logic>1</logic>
          <secondary/>
        </item>
      </recent>
    </custom>
  </filter>
  <wol>
    <defaddr>255.255.255.255</defaddr>
    <defport>30000</defport>
    <delay>0</delay>
    <targets/>
  </wol>
  <apps>
    <item>
      <name>Gestion de l'ordinateur</name>
      <command>mmc.exe compmgmt.msc /computer:%0</command>
      <hotkey>16461</hotkey>
      <enabled>true</enabled>
    </item>
    <item>
      <name>Bureau à distance</name>
      <command>mstsc.exe /v:%0</command>
      <hotkey>16466</hotkey>
      <enabled>true</enabled>
    </item>
  </apps>
  <appvars/>
  <view>
    <maximized>true</maximized>
    <sortcolumn>21</sortcolumn>
    <sortdirection>1</sortdirection>
    <autoexpand>false</autoexpand>
    <horlines>false</horlines>
    <verlines>false</verlines>
    <multiline>false</multiline>
    <oddcolor>-2147483643</oddcolor>
    <evencolor>-2147483643</evencolor>
    <highlightcolor>255</highlightcolor>
    <macseparator>0</macseparator>
    <foldrepeated>0</foldrepeated>
    <csvencoding>0</csvencoding>
    <custcsvdelim>false</custcsvdelim>
    <csvdelimchar>;</csvdelimchar>
    <font>
      <name>default</name>
      <charset>0</charset>
      <color>-2147483640</color>
      <size>0</size>
      <style>0</style>
    </font>
    <hdrfont>
      <name>default</name>
      <charset>1</charset>
      <color>-2147483640</color>
      <size>0</size>
      <style>0</style>
    </hdrfont>
    <shortcuts>
      <scan>16397</scan>
      <save>16467</save>
      <options>16463</options>
      <find>16454</find>
      <load>16460</load>
      <pasteip>16464</pasteip>
      <remotewmi>16471</remotewmi>
      <searchforward>114</searchforward>
      <assignfriendlyname>113</assignfriendlyname>
      <filter>16457</filter>
      <freezecolumns>24649</freezecolumns>
      <unfreezecolumns>24644</unfreezecolumns>
      <navigator>112</navigator>
    </shortcuts>
  </view>
  <columns>
    <item>
      <width>385</width>
      <index>0</index>
    </item>
    <item>
      <width>115</width>
      <index>2</index>
    </item>
    <item>
      <width>212</width>
      <index>3</index>
    </item>
    <item>
      <width>204</width>
      <index>5</index>
    </item>
    <item>
      <width>226</width>
      <index>7</index>
    </item>
    <item>
      <width>285</width>
      <index>8</index>
    </item>
    <item>
      <width>340</width>
      <index>21</index>
    </item>
  </columns>
</network-scanner-config>